first_name,last_name,first_last_name,email,date_attended,total_duration_min,guest
 Alicia ,Helfrick,Alicia_Helfrick,alicia.helfrick@water.ca.gov,5/28/25,77,Yes
 Alle ,Lie,Alle_Lie,allel@sccwrp.org,5/28/25,70,Yes
 Amelia ,Jones,Amelia_Jones,atjones@trccompanies.com,5/28/25,81,Yes
 Angel ,Alvarez,Angel_Alvarez,aalvarez@parks.lacounty.gov,5/28/25,94,Yes
 Audrey ,Jackson,Audrey_Jackson,ajackson@wiyot.us,5/28/25,97,Yes
 Bailey ,Franco,Bailey_Franco,bfranco@mbcaquatic.com,5/28/25,160,Yes
 barbara ,barry,barbara_barry,barbara.barry@wildlife.ca.gov,5/28/25,69,Yes
 Benjamin ,Dolf,Benjamin_Dolf,bdolf@co.humboldt.ca.us,5/28/25,62,Yes
 Brianna ,daSilva_Bhatia,Brianna_daSilva_Bhatia,brianna.dasilvabhatia@clark.wa.gov,5/28/25,78,Yes
 Britton ,Booker,Britton_Booker,britton.booker@bfhd.wa.gov,5/28/25,80,Yes
 Caitlin ,Dalby,Caitlin_Dalby,caitlin.dalby@parks.ca.gov,5/28/25,64,Yes
 Carl ,Anderson,Carl_Anderson,canderson@parks.lacounty.gov,5/28/25,84,Yes
 Catalina ,Corral,Catalina_Corral,catalina.corralfernandez@sdcounty.ca.gov,5/28/25,22,Yes
 Christopher ,Hand,Christopher_Hand,christopher.hand@waterboards.ca.gov,5/28/25,75,No
 David ,Farrer,David_Farrer,david.g.farrer@oha.oregon.gov,5/28/25,25,Yes
 David ,Kajtaniak,David_Kajtaniak,david.kajtaniak@wildlife.ca.gov,5/28/25,78,Yes
 david ,Waters,david_Waters,david.waters@wildlife.ca.gov,5/28/25,77,Yes
 DIANA ,PADILLA,DIANA_PADILLA,dianap@bfhd.wa.gov,5/28/25,88,Yes
 doug ,calhoun,doug_calhoun,doug.calhoun@countyofnapa.org,5/28/25,127,Yes
 Ellyse ,Cappellano,Ellyse_Cappellano,ellyse.cappellano@sonoma-county.org,5/28/25,65,Yes
 Emily ,Ferrill,Emily_Ferrill,emily.ferrill@waterboards.ca.gov,5/28/25,84,Yes
 Hisham ,Elmishad,Hisham_Elmishad,helmishad@ochca.com,5/28/25,94,Yes
 Janis ,Cooke,Janis_Cooke,janis.cooke@waterboards.ca.gov,5/28/25,24,Yes
 Jaran ,Passmore,Jaran_Passmore,jaran.passmore@parks.ca.gov,5/28/25,79,Yes
 Jason ,Cox,Jason_Cox,coxj@saccounty.gov,5/28/25,82,Yes
 Jason ,Sandoval,Jason_Sandoval,jsandoval2@parks.lacounty.gov,5/28/25,86,Yes
 Jessica ,Nichols,Jessica_Nichols,jnichols@yubawater.org,5/28/25,73,Yes
 Jose ,Caprile,Jose_Caprile,jcaprile@parks.lacounty.gov,5/28/25,5,Yes
 Jose ,Maldonado,Jose_Maldonado,jmaldonadoii@parks.lacounty.gov,5/28/25,82,Yes
 Joseph ,Grant,Joseph_Grant,jgrant@yuroktribe.nsn.us,5/28/25,95,Yes
 Josie ,Tellers,Josie_Tellers,jtellers@cityofdavis.org,5/28/25,79,Yes
 Joy ,Downing-Riley,Joy_Downing-Riley,bwtf@ventura.surfrider.org,5/28/25,84,Yes
 Julian ,Palmisano,Julian_Palmisano,jupalmisano@yuroktribe.nsn.us,5/28/25,64,Yes
 Justus ,Simon,Justus_Simon,jtsimon@middletownrancheria.com,5/28/25,40,Yes
 Kangshi ,Wang,Kangshi_Wang,kangshi.wang@waterboards.ca.gov,5/28/25,2,Yes
 Katharine ,Major,Katharine_Major,kmajor@yuroktribe.nsn.us,5/28/25,54,Yes
 Kelly ,Huck,Kelly_Huck,kelly.huck@waterboards.ca.gov,5/28/25,78,Yes
 Kirk ,Larkin,Kirk_Larkin,kirk.larkin@waterboards.ca.gov,5/28/25,79,No
 Kylie ,Kammerer,Kylie_Kammerer,kkammerer@openspace.org,5/28/25,30,Yes
 Laljeet,Sangha ,Laljeet_Sangha,lsangha@ucanr.edu,5/28/25,53,Yes
 Lisa ,Hunt,Lisa_Hunt,lisa.hunt@waterboards.ca.gov,5/28/25,73,Yes
 Manuel ,Ramirez,Manuel_Ramirez,ramirezma@mendocinocounty.gov,5/28/25,81,Yes
 Melissa ,Hernandez,Melissa_Hernandez,hernandezm@mendocinocounty.gov,5/28/25,75,Yes
 Michael ,Brune,Michael_Brune,mikegbrune@gmail.com,5/28/25,88,Yes
 Nicole ,Wuerth,Nicole_Wuerth,nwuerth@co.humboldt.ca.us,5/28/25,79,Yes
 Raphael ,Cedillo,Raphael_Cedillo,rcedillo@yuroktribe.nsn.us,5/28/25,83,Yes
 Renae ,Logston,Renae_Logston,rlogston@sandiego.gov,5/28/25,78,Yes
 Richard ,Munoz,Richard_Munoz,richard.munoz@wildlife.ca.gov,5/28/25,51,Yes
 Rudy ,Lopez-Barron,Rudy_Lopez-Barron,rlopez-barron@parks.lacounty.gov,5/28/25,71,Yes
 Sabrina ,Rice,Sabrina_Rice,sabrina.rice@waterboards.ca.gov,5/28/25,75,Yes
 Sabrina ,Sexton,Sabrina_Sexton,ssexton@ebparks.org,5/28/25,153,Yes
 Sarah ,Hauck,Sarah_Hauck,sarah.hauck@parks.ca.gov,5/28/25,158,Yes
 Seth ,Swenson,Seth_Swenson,sswenson@mbcaquatic.com,5/28/25,87,Yes
 Seth ,Wheelock,Seth_Wheelock,swheelock@tularecounty.ca.gov,5/28/25,79,Yes
 Silvia ,Angles,Silvia_Angles,silvia.angles@water.ca.gov,5/28/25,82,Yes
 Tamar ,Carmona,Tamar_Carmona,tamar.carmona@parks.ca.gov,5/28/25,78,Yes
 Tiffany ,Douglas,Tiffany_Douglas,tdouglas@wiyot.us,5/28/25,78,Yes
 Tim ,Finegan,Tim_Finegan,tfinegan@srcity.org,5/28/25,78,Yes
 Tom ,Gray,Tom_Gray,tom.gray@sonoma-county.org,5/28/25,80,Yes
Aaron,Sugimoto,Aaron_Sugimoto,asugimoto@mbcaquatic.com,5/14/25,65,Yes
Adolfo,Grajales,Adolfo_Grajales,adolfo.grajales@gmail.com,5/14/25,82,Yes
Alan,Marr,Alan_Marr,amarr@ochca.com,5/14/25,48,Yes
Anna,Rogers,Anna_Rogers,anna@sanctuaryforest.org,5/14/25,69,Yes
Antonio,Espinosa,Antonio_Espinosa,amadrigalespinosa@parks.lacounty.gov,5/14/25,78,Yes
Audrey,Kiernan,Audrey_Kiernan,audrey.kiernan@waterboards.ca.gov,5/14/25,78,Yes
Ava,Iorizzo,Ava_Iorizzo,aiorizzo@bluelakerancheria-nsn.gov,5/14/25,106,Yes
Beckye,Stanton,Beckye_Stanton,beckye.stanton@oehha.ca.gov,5/14/25,78,Yes
Brandon,Oliva,Brandon_Oliva,boliva@parks.lacounty.gov,5/14/25,81,Yes
Brendan,Thompson,Brendan_Thompson,brendan.thompson@waterboards.ca.gov,5/14/25,17,Yes
Carey,Kowalski,Carey_Kowalski,carey.kowalski@waterboards.ca.gov,5/14/25,83,Yes
Carrieann,Lopez,Carrieann_Lopez,carrieann.lopez@waterboards.ca.gov,5/14/25,59,Yes
Cecilia,Welch,Cecilia_Welch,cecilia.welch@doh.wa.gov,5/14/25,78,Yes
Chaye,Vail,Chaye_Vail,chaye.vankeuren@parks.ca.gov,5/14/25,81,Yes
Chris,Maghy,Chris_Maghy,cmaghy@mbcaquatic.com,5/14/25,82,Yes
Chuck,Carter,Chuck_Carter,chuckcarter8@yahoo.com,5/14/25,87,Yes
Claudia,Arends,Claudia_Arends,claudia.arends@usda.gov,5/14/25,81,Yes
Courtney,Thomson,Courtney_Thomson,courtney@keeptahoeblue.org,5/14/25,66,Yes
Dana,Shultz,Dana_Shultz,dana.shultz@waterboards.ca.gov,5/14/25,55,No
Deborah,Woodward,Deborah_Woodward,deborah.woodward@waterboards.ca.gov,5/14/25,78,Yes
Eaan,Barrera,Eaan_Barrera,ebarrera@parks.lacounty.gov,5/14/25,81,Yes
Felipe,Vega,Felipe_Vega,felipevega@co.imperial.ca.us,5/14/25,79,Yes
Gary,McFee,Gary_McFee,gary.mcfee@scwa.ca.gov,5/14/25,146,Yes
Gerry,Gonzalez,Gerry_Gonzalez,ggonzales@parks.lacounty.gov,5/14/25,72,Yes
Grant,Johnson,Grant_Johnson,gjohnson@karuk.us,5/14/25,82,Yes
Gregory,Marquez,Gregory_Marquez,gmarquez2@parks.lacounty.gov,5/14/25,75,Yes
Hailey,Smith,Hailey_Smith,hailey.smith@graysharbor.us,5/14/25,130,Yes
Harold,MacLean,Harold_MacLean,hmaclean@ebparks.org,5/14/25,79,Yes
Jacob,Nave,Jacob_Nave,navej@mendocinocounty.gov,5/14/25,78,Yes
James,Coleman,James_Coleman,jamesc@bfhd.wa.gov,5/14/25,85,Yes
Jennifer,Smith,Jennifer_Smith,jsmith@mbcaquatic.com,5/14/25,146,Yes
Jessica,Sherwood,Jessica_Sherwood,jsherwood@vidwater.org,5/14/25,79,Yes
Jonathon,Milanese,Jonathon_Milanese,jmilanese@cityofdavis.org,5/14/25,77,Yes
Joseph,Teresi,Joseph_Teresi,jote461@ecy.wa.gov,5/14/25,77,Yes
Karen,Odkins,Karen_Odkins,karen.odkins@wildlife.ca.gov,5/14/25,79,Yes
Karissa,Willits,Karissa_Willits,karissa.willits@deq.oregon.gov,5/14/25,80,Yes
Katie,Fong,Katie_Fong,katie.fong@waterboards.ca.gov,5/14/25,79,Yes
Katie,Noonan,Katie_Noonan,ktnoon@aol.com,5/14/25,81,Yes
Kristina,Yoshida,Kristina_Yoshida,kristina.yoshida@waterboards.ca.gov,5/14/25,62,Yes
Kyle,McCaffrey,Kyle_McCaffrey,kmccaffrey@mbcaquatic.com,5/14/25,96,Yes
Lawrence,Sanchez,Lawrence_Sanchez,lawrence.sanchez@waterboards.ca.gov,5/14/25,80,Yes
Linda,Novitski,Linda_Novitski,linda.novitski@oha.oregon.gov,5/14/25,77,Yes
Maggie,Palomaki,Maggie_Palomaki,maggie.palomaki@clark.wa.gov,5/14/25,64,Yes
Mark,Frilles,Mark_Frilles,mark.frilles@sdcounty.ca.gov,5/14/25,79,Yes
Maura,Santora,Maura_Santora,maura.santora@usda.gov,5/14/25,82,Yes
Michael,Thomas,Michael_Thomas,michael.thomas@waterboards.ca.gov,5/14/25,79,No
Molly,Shea,Molly_Shea,molly.shea@wildlife.ca.gov,5/14/25,74,Yes
Naivy,Rodal-Morales,Naivy_Rodal-Morales,nrodal-morales@stillwatersci.com,5/14/25,79,Yes
Nikki,Buckley,Nikki_Buckley,nicole.buckley@usda.gov,5/14/25,31,Yes
Nina,Suzuki,Nina_Suzuki,nmsuzuki@ucdavis.edu,5/14/25,75,Yes
Remy,Green,Remy_Green,remy.green@wildlife.ca.gov,5/14/25,70,Yes
Robert,Joseph,Robert_Joseph,josephr@mendocinocounty.gov,5/14/25,80,Yes
ROMINA,SCHIESS,ROMINA_SCHIESS,romina.schiess@sdcounty.ca.gov,5/14/25,4,Yes
Sadie,Parker,Sadie_Parker,sadie.k.parker@usace.army.mil,5/14/25,64,Yes
Sarah,Hutmacher,Sarah_Hutmacher,sarah@sandiegoriver.org,5/14/25,229,Yes
Sarah,Muskopf,Sarah_Muskopf,sarahmuskopf@usda.gov,5/14/25,77,Yes
Sergio,Josue-Prado,Sergio_Josue-Prado,sprado@parks.lacounty.gov,5/14/25,84,Yes
Shannon,Murphy,Shannon_Murphy,shannon.murphy@oehha.ca.gov,5/14/25,75,Yes
Spencer,Fern,Spencer_Fern,spencer@restorethedelta.org,5/14/25,78,Yes
Stephen,Randall,Stephen_Randall,strandall@sandiego.gov,5/14/25,81,Yes
Stuart,Dyer,Stuart_Dyer,stuart.w.dyer@oha.oregon.gov,5/14/25,67,Yes
Ted,Martin,Ted_Martin,tmartin1@tularecounty.ca.gov,5/14/25,83,Yes
Terrence,Green,Terrence_Green,tgreen@parks.lacounty.gov,5/14/25,68,Yes
Yuan,Grund,Yuan_Grund,yuan.grund@deq.oregon.gov,5/14/25,78,Yes